<?xml version="1.0" encoding="UTF-8"?>
<messages>
    <mes key="index_list">Список СУБД</mes>
    <mes key="index_list_actions">Действия</mes>
    <mes key="index_list_data_name">Наименование</mes>
    <mes key="index_list_data_uri">Адрес</mes>
    <mes key="edit_header_new">Добавление</mes>
    <mes key="edit_header_edit">Редактирование</mes>
    <mes key="form_add_new">Добавить</mes>
    <mes key="form_edit">Редактировать</mes>
    <mes key="form_del">Удалить</mes>
    <mes key="form_save">Сохранить</mes>
    <mes key="form_exit">Отменить</mes>
</messages>