﻿<?xml version="1.0" encoding="utf-8"?>
<!-- Языки разметки -->
<homework>
  <languages>
    <language id="1">
      <name>HTML</name>
      <year>01.01.1990</year>
      <howold>19</howold>
    </language>
    <language id="2">
      <name>XML</name>
      <year>01.01.1998</year>
      <howold>11</howold>
    </language>
    <language id="3">
      <name>SGML</name>
      <year>01.01.1986</year>
      <howold>23</howold>
    </language>
  </languages>
  <descriptions>
    <description language="HTML">
      HTML (от англ. HyperText Markup Language — «язык гипертекстовой разметки») — стандартный язык разметки документов во Всемирной паутине. Большинство веб-страниц содержат описание разметки на языке HTML (или XHTML). Язык HTML интерпретируется браузерами и отображается в виде документа в удобной для человека форме.
    </description>
    <description language="XML">
      XML (англ. eXtensible Markup Language — расширяемый язык разметки; произносится [экс-эм-эл]) — рекомендованный Консорциумом Всемирной паутины (W3C) язык разметки. Спецификация XML описывает XML-документы и частично описывает поведение XML-процессоров (программ, читающих XML-документы и обеспечивающих доступ к их содержимому).
    </description>
    <description language="SGML">
      SGML (англ. Standard Generalized Markup Language — стандартный обобщённый язык разметки; произносится [эс-джи-эм-эл]) — метаязык, на котором можно определять язык разметки для документов. SGML — наследник разработанного в 1969 году в IBM языка GML (Generalized Markup Language).
    </description>
  </descriptions>
</homework>