<NotepadPlus>
    <UserLang name="xquery" ext="xq xql xqm">
        <Settings>
            <Global caseIgnored="no" />
            <TreatAsSymbol comment="no" commentLine="no" />
            <Prefix words1="no" words2="yes" words3="yes" words4="no" />
        </Settings>
        <KeywordLists>
            <Keywords name="Delimiters">&lt;00&gt;00</Keywords>
            <Keywords name="Folder+"></Keywords>
            <Keywords name="Folder-"></Keywords>
            <Keywords name="Operators">* / ; [ ] { } + =</Keywords>
            <Keywords name="Comment">1(: 2:) 0</Keywords>
            <Keywords name="Words1">NaN allowing ancestor ancestor-or-self and as ascending at attribute base-uri boundary-space by case cast castable catch child collation comment construction context copy-namespaces count decimal-format decimal-separator declare default descendant descendant-or-self descending digit div document document-node element else empty empty-sequence encoding end eq every except external following following-sibling for function ge greatest group grouping-separator gt idiv if import in infinity inherit instance intersect is item lax le least let lt minus-sign mod module namespace namespace-node ne next no-inherit no-preserve node of only option or order ordered ordering parent pattern-separator per-mille percent preceding preceding-sibling preserve previous processing-instruction return satisfies schema schema-attribute schema-element self sliding some stable start strict strip switch text then to treat try tumbling type typeswitch union unordered validate variable version when where window xquery zero-digit typeswitch</Keywords>
            <Keywords name="Words2">$ local: request: generator: iu5ext: lib: model: view: util: xs: session: request: response: xdb:</Keywords>
            <Keywords name="Words3">op:NOTATION-equal fn:QName op:QName-equal fn:abs op:add-dayTimeDuration-to-date op:add-dayTimeDuration-to-dateTime op:add-dayTimeDuration-to-time op:add-dayTimeDurations op:add-yearMonthDuration-to-date op:add-yearMonthDuration-to-dateTime op:add-yearMonthDurations fn:adjust-date-to-timezone fn:adjust-dateTime-to-timezone fn:adjust-time-to-timezone fn:avg fn:base-uri op:base64Binary-equal fn:boolean op:boolean-equal op:boolean-greater-than op:boolean-less-than fn:ceiling fn:codepoint-equal fn:codepoints-to-string fn:collection fn:compare fn:concat op:concatenate fn:contains fn:count fn:current-date fn:current-dateTime fn:current-time fn:data op:date-equal op:date-greater-than op:date-less-than fn:dateTime op:dateTime-equal op:dateTime-greater-than op:dateTime-less-than fn:day-from-date fn:day-from-dateTime op:dayTimeDuration-greater-than op:dayTimeDuration-less-than fn:days-from-duration fn:deep-equal fn:default-collation fn:distinct-values op:divide-dayTimeDuration op:divide-dayTimeDuration-by-dayTimeDuration op:divide-yearMonthDuration op:divide-yearMonthDuration-by-yearMonthDuration fn:doc fn:doc-available fn:document-uri op:duration-equal fn:element-with-id fn:empty fn:encode-for-uri fn:ends-with fn:error fn:escape-html-uri fn:exactly-one op:except fn:exists fn:false fn:floor op:gDay-equal op:gMonth-equal op:gMonthDay-equal op:gYear-equal op:gYearMonth-equal op:hexBinary-equal fn:hours-from-dateTime fn:hours-from-duration fn:hours-from-time fn:id fn:idref fn:implicit-timezone fn:in-scope-prefixes fn:index-of fn:insert-before op:intersect fn:iri-to-uri op:is-same-node fn:lang fn:last fn:local-name fn:local-name-from-QName fn:lower-case fn:matches fn:matches fn:max fn:min fn:minutes-from-dateTime fn:minutes-from-duration fn:minutes-from-time fn:month-from-date fn:month-from-dateTime fn:months-from-duration op:multiply-dayTimeDuration op:multiply-yearMonthDuration fn:name fn:namespace-uri fn:namespace-uri-for-prefix fn:namespace-uri-from-QName fn:nilled op:node-after op:node-before fn:node-name fn:normalize-space fn:normalize-unicode fn:not fn:number op:numeric-add op:numeric-divide op:numeric-equal op:numeric-greater-than op:numeric-integer-divide op:numeric-less-than op:numeric-mod op:numeric-multiply op:numeric-subtract op:numeric-unary-minus op:numeric-unary-plus fn:one-or-more fn:position fn:prefix-from-QName fn:remove fn:replace fn:resolve-QName fn:resolve-uri fn:reverse fn:root fn:round fn:round-half-to-even fn:seconds-from-dateTime fn:seconds-from-duration fn:seconds-from-time fn:starts-with fn:static-base-uri fn:string fn:string-join fn:string-length fn:string-to-codepoints fn:subsequence fn:substring fn:substring-after fn:substring-before op:subtract-dateTimes op:subtract-dates op:subtract-dayTimeDuration-from-date op:subtract-dayTimeDuration-from-dateTime op:subtract-dayTimeDuration-from-time op:subtract-dayTimeDurations op:subtract-times op:subtract-yearMonthDuration-from-date op:subtract-yearMonthDuration-from-dateTime op:subtract-yearMonthDurations fn:sum op:time-equal op:time-greater-than op:time-less-than fn:timezone-from-date fn:timezone-from-dateTime fn:timezone-from-time op:to fn:tokenize fn:trace fn:translate fn:true op:union fn:unordered fn:upper-case fn:year-from-date fn:year-from-dateTime op:yearMonthDuration-greater-than op:yearMonthDuration-less-than fn:years-from-duration fn:zero-or-one NOTATION-equal QName QName-equal abs add-dayTimeDuration-to-date add-dayTimeDuration-to-dateTime add-dayTimeDuration-to-time add-dayTimeDurations add-yearMonthDuration-to-date add-yearMonthDuration-to-dateTime add-yearMonthDurations adjust-date-to-timezone adjust-dateTime-to-timezone adjust-time-to-timezone avg base-uri base64Binary-equal boolean boolean-equal boolean-greater-than boolean-less-than ceiling codepoint-equal codepoints-to-string collection compare concat concatenate contains count current-date current-dateTime current-time data date-equal date-greater-than date-less-than dateTime dateTime-equal dateTime-greater-than dateTime-less-than day-from-date day-from-dateTime dayTimeDuration-greater-than dayTimeDuration-less-than days-from-duration deep-equal default-collation distinct-values divide-dayTimeDuration divide-dayTimeDuration-by-dayTimeDuration divide-yearMonthDuration divide-yearMonthDuration-by-yearMonthDuration doc doc-available document-uri duration-equal element-with-id empty encode-for-uri ends-with error escape-html-uri exactly-one except exists false floor gDay-equal gMonth-equal gMonthDay-equal gYear-equal gYearMonth-equal hexBinary-equal hours-from-dateTime hours-from-duration hours-from-time id idref implicit-timezone in-scope-prefixes index-of insert-before intersect iri-to-uri is-same-node lang last local-name local-name-from-QName lower-case matches matches max min minutes-from-dateTime minutes-from-duration minutes-from-time month-from-date month-from-dateTime months-from-duration multiply-dayTimeDuration multiply-yearMonthDuration name namespace-uri namespace-uri-for-prefix namespace-uri-from-QName nilled node-after node-before node-name normalize-space normalize-unicode not number numeric-add numeric-divide numeric-equal numeric-greater-than numeric-integer-divide numeric-less-than numeric-mod numeric-multiply numeric-subtract numeric-unary-minus numeric-unary-plus one-or-more position prefix-from-QName remove replace resolve-QName resolve-uri reverse root round round-half-to-even seconds-from-dateTime seconds-from-duration seconds-from-time starts-with static-base-uri string string-join string-length string-to-codepoints subsequence substring substring-after substring-before subtract-dateTimes subtract-dates subtract-dayTimeDuration-from-date subtract-dayTimeDuration-from-dateTime subtract-dayTimeDuration-from-time subtract-dayTimeDurations subtract-times subtract-yearMonthDuration-from-date subtract-yearMonthDuration-from-dateTime subtract-yearMonthDurations sum time-equal time-greater-than time-less-than timezone-from-date timezone-from-dateTime timezone-from-time to tokenize trace translate true union unordered upper-case year-from-date year-from-dateTime yearMonthDuration-greater-than yearMonthDuration-less-than years-from-duration zero-or-one</Keywords>
            <Keywords name="Words4"></Keywords>
        </KeywordLists>
        <Styles>
            <WordsStyle name="DEFAULT" styleID="11" fgColor="000000" bgColor="FFFFFF" fontName="" fontStyle="0" />
            <WordsStyle name="FOLDEROPEN" styleID="12" fgColor="000000" bgColor="FFFFFF" fontName="" fontStyle="0" />
            <WordsStyle name="FOLDERCLOSE" styleID="13" fgColor="000000" bgColor="FFFFFF" fontName="" fontStyle="0" />
            <WordsStyle name="KEYWORD1" styleID="5" fgColor="0000FF" bgColor="FFFFFF" fontName="" fontStyle="1" />
            <WordsStyle name="KEYWORD2" styleID="6" fgColor="000000" bgColor="FFFFFF" fontName="" fontStyle="3" />
            <WordsStyle name="KEYWORD3" styleID="7" fgColor="008080" bgColor="FFFFFF" fontName="" fontStyle="3" />
            <WordsStyle name="KEYWORD4" styleID="8" fgColor="000000" bgColor="FFFFFF" fontName="" fontStyle="0" />
            <WordsStyle name="COMMENT" styleID="1" fgColor="008000" bgColor="FFFFFF" fontName="" fontStyle="3" />
            <WordsStyle name="COMMENT LINE" styleID="2" fgColor="000000" bgColor="FFFFFF" fontName="" fontStyle="0" />
            <WordsStyle name="NUMBER" styleID="4" fgColor="000000" bgColor="FFFFFF" fontName="" fontStyle="0" />
            <WordsStyle name="OPERATOR" styleID="10" fgColor="000000" bgColor="FFFFFF" fontName="" fontStyle="1" />
            <WordsStyle name="DELIMINER1" styleID="14" fgColor="800080" bgColor="FFFFFF" fontName="" fontStyle="1" />
            <WordsStyle name="DELIMINER2" styleID="15" fgColor="000000" bgColor="FFFFFF" fontName="" fontStyle="0" />
            <WordsStyle name="DELIMINER3" styleID="16" fgColor="000000" bgColor="FFFFFF" fontName="" fontStyle="0" />
        </Styles>
    </UserLang>

    <UserLang name="Erlang" ext="erl hrl htp">
        <Settings>
            <Global caseIgnored="no" />
            <TreatAsSymbol comment="no" commentLine="no" />
            <Prefix words1="no" words2="yes" words3="yes" words4="yes" />
        </Settings>
        <KeywordLists>
            <Keywords name="Delimiters">&quot;00&quot;00</Keywords>
            <Keywords name="Folder+">case if</Keywords>
            <Keywords name="Folder-">end</Keywords>
            <Keywords name="Operators">- ! ( ) , . / ; [ \ ] { | } + &lt; = &gt;</Keywords>
            <Keywords name="Comment">1 2 0% 0%%</Keywords>
            <Keywords name="Words1">after and andalso begin case catch cond end fun if let not of or orelse query receive try when xor throw catch try module export bnot bor div rem band bxor bsl bsr</Keywords>
            <Keywords name="Words2">array: base64: beam_lib: c: calendar: dets: dict: digraph: digraph_utils: epp: erl_eval: erl_expand_records: erl_id_trans: erl_internal: erl_lint: erl_parse: erl_pp: erl_scan: erl_tar: ets: file_sorter: filelib: filename: gb_sets: gb_trees: gen_event: gen_fsm: gen_server: io: io_lib: lib: lists: log_mf_h: math: ms_transform: orddict: ordsets: pg: pool: proc_lib: proplists: qlc: queue: random: re: regexp: sets: shell: shell_default: slave: sofs: string: supervisor: supervisor_bridge: sys: timer: unicode: win32reg: zip: kernel: application: auth: code: disk_log: erl_boot_server: erl_ddll: erl_prim_loader: erlang: error_handler: error_logger: file: gen_tcp: gen_udp: gen_sctp: global: global_group: heart: inet: init: net_adm: net_kernel: os: pg2: rpc: seq_trace: user: wrap_log_reader: zlib: app: config: packages: sasl: alarm_handler: overload: rb: release_handler: systools: appup: rel: relup: script: compile: mnesia: mnesia_frag_hash: mnesia_registry: odbc: os_mon: cpu_sup: disksup: memsup: os_mon_mib: os_sup: nteventlog: otp_mib:</Keywords>
            <Keywords name="Words3">A B C D E F G H I J K L M N O P Q R S T U V W X Y Z _</Keywords>
            <Keywords name="Words4">a b c d e f g h i j k l m n o p q r s t u v w x y z</Keywords>
        </KeywordLists>
        <Styles>
            <WordsStyle name="DEFAULT" styleID="11" fgColor="400000" bgColor="FFFFFF" fontName="" fontStyle="0" />
            <WordsStyle name="FOLDEROPEN" styleID="12" fgColor="0080C0" bgColor="FFFFFF" fontName="" fontStyle="0" />
            <WordsStyle name="FOLDERCLOSE" styleID="13" fgColor="0080C0" bgColor="FFFFFF" fontName="" fontStyle="0" />
            <WordsStyle name="KEYWORD1" styleID="5" fgColor="0000FF" bgColor="FFFFFF" fontName="" fontStyle="0" />
            <WordsStyle name="KEYWORD2" styleID="6" fgColor="0080C0" bgColor="FFFFFF" fontName="" fontStyle="1" />
            <WordsStyle name="KEYWORD3" styleID="7" fgColor="804000" bgColor="FFFFFF" fontName="" fontStyle="0" />
            <WordsStyle name="KEYWORD4" styleID="8" fgColor="000080" bgColor="FFFFFF" fontName="" fontStyle="0" />
            <WordsStyle name="COMMENT" styleID="1" fgColor="400000" bgColor="FFFFFF" fontName="" fontStyle="0" />
            <WordsStyle name="COMMENT LINE" styleID="2" fgColor="808080" bgColor="FFFFFF" fontName="" fontStyle="0" />
            <WordsStyle name="NUMBER" styleID="4" fgColor="0000FF" bgColor="FFFFFF" fontName="" fontStyle="0" />
            <WordsStyle name="OPERATOR" styleID="10" fgColor="008000" bgColor="FFFFFF" fontName="" fontStyle="1" />
            <WordsStyle name="DELIMINER1" styleID="14" fgColor="FF0000" bgColor="FFFFFF" fontName="" fontStyle="0" />
            <WordsStyle name="DELIMINER2" styleID="15" fgColor="800040" bgColor="FFFFFF" fontName="" fontStyle="0" />
            <WordsStyle name="DELIMINER3" styleID="16" fgColor="000000" bgColor="FFFFFF" fontName="" fontStyle="0" />
        </Styles>
    </UserLang>



</NotepadPlus>
