﻿<?xml version="1.0" encoding="UTF-8"?>
<!-- Языки разметки -->
<languages>
	<language id="1">
		<name>HTML</name>
		<year>01.01.1990</year>
		<howold>19</howold>
	</language>
	<language id="2">
		<name>XML</name>
		<year>01.01.1998</year>
		<howold>11</howold>
	</language>
	<language id="3">
		<name>SGML</name>
		<year>01.01.1986</year>
		<howold>23</howold>
	</language>
	<empty attr1="1" attr2="текст"/>
	<CDATA_Example>
		<![CDATA[<<<<<<<<<<   >>>>>>>>>]]>
	</CDATA_Example>
</languages>

